,title,text,tags,target,target_numerical
0,"ВЕРНИДУБ: «Наносимо 25 ударів, 15 у ворота, а забити не можемо. Сумно»","Головний тренер солігорського «Шахтаря» Юрій Вернидуб на післяматчевій прес-конференції пояснив, чому його підопічні програли команді «Слуцьк» (1:2): «Такого початку я не пам'ятаю у своєму житті. Але що є, то є. Виправдовуватися я не буду. Якщо команда в тій грі – зі «Смолевичами» – завдає 21 удару, зараз – 24 або 25 ударів, з них 15 у ворота, і ми забити не можемо. Не знаю. Значить, не вміємо ми забивати. Якщо пенальті ми не можемо реалізувати. Забивай, і було б 40 хвилин часу. Все могло б бути по-іншому. Але що маємо, те маємо. У заявці не було Сачівка, він травму отримав ще в грі зі «Смолевичами». У нього міжреберна невралгія. Не міг вийти. У Шіндагорідзе проблема з хрестоподібною зв'язкою. Коли це вирішиться, я навіть не знаю. Треба ще робити повторне МРТ. А так як, я так зрозумів, у нього вже була така проблема, то треба їхати туди, де робили. Але зараз все закрито – проблема. Чого не вистачило в обороні? У першому голі просто йшла подача – і все. До цього були удари? Не було. Ми, навпаки, нагнітали, були моменти, перекладина – не доводили до логічного завершення. У них же перша вилазка і штрафний цей. До воріт 30–35 метрів, йшла подача, ніхто не торкнувся, і гол. Що говорити? Сумно».",Футбол|Інші новини|Шахтар Солігорськ|Юрій Вернидуб|чемпіонат Білорусі з футболу|Слуцьк,спорт,2
1," У ""Київстар"" заявляють, що їх обшукала ДФС ","Про це на своїй сторінці у Facebook написав президент компанії Петро Чернишов. Він зазначив, що сьогодні вранці з обшуками до головного офісу прийшло близько трьох десятків податкових поліцейських. Вони мали постанову Шевченківського районного суду Києва щодо дозволу провести обшук офісу. ""Що ж вони шукають в такому великому складі? Три угоди, укладені дуже давно ще минулим керівництвом компанії, які вже припинили дію, і кілька десятків додаткових документів до них"", - наголосив Чернишов. Він нагадав, що ""Київстар"" вже майже два роки судиться з ДФС. Остання вважає, що компанія недоплатила до бюджету майже півтора мільярда гривень. ""Ми вважаємо, що цю справу вигадали, адже компанія завжди справно і в повному обсязі перераховує всі податки і збори до бюджету країни. За 20 років роботи ""Київстар"" сплатив до скарбниці 52 млрд грн різних податків і зборів"", - зауважив Чернишов. При цьому від подякував службовцям податкової за те, що прийшли на обшук ""без зброї та масок"", і додав, що компанія продовжує працювати. Зазначимо, у грудні Антимонопольний комітет України оштрафував оператора мобільного зв'язку ""Київстар"" на 21 млн грн через брехню абонентам. ",|Київстар|Новини|податкова|ДФС|обшук|,новини,1
2, В 2016 році 1% найзаможніших людей вперше стане багатшим за 99% інших ,"Про це повідомляється в доповіді некомерційної організації Oxfam, діяльність якої присвячена боротьбі з бідністю, передає Еспресо.TV. Такою ж сумою, як і найбідніша половина людства, володіють загалом 62 найбагатших людей у світу. Їх загальний статок виріс за той же період на $1,76 трлн. А ще в 2010 році сумою, порівняно з тією, якою володіла бідніша половина людства, володіли 388 найбагатших людей. Також в Oxfarm зазначають, що сукупні статки 1% найбільш забезпечених людей світу вперше можуть бути більшими, ніж сукупний статок 99% інших жителів планети до 2016 року. В даний час 1% найбагатших людей належить 48% світового добробуту, а в наступному році даний показник може вперше перевищити 50%, попереджають експерти. Як зазначили в Oxfam, зростаюча нерівність стримує боротьбу з глобальною бідністю, причому відбувається це в період, коли більше 1 млрд людей як і раніше живуть на менш ніж $1,25 на день. Причинами зростаючої різниці в достатку між бідними і багатими організація називає податкові пільги, доступні найбільш заможному прошарку населення, збільшення різниці найбільшою і найменшою оплати праці та скорочення фінансової винагороди робітників. Oxfam планує закликати учасників форуму в Давосі до прийняття нових заходів щодо вирішення глобальної нерівності, серед яких посилення політики по ухиленню від податків і введення зарплати не нижче прожиткового мінімуму для всіх працівників. Раніше агентство Bloomberg повідомляло, що найбагатші люди світу втратили $194 млрд в перший тиждень 2016 року, який став найгіршим за майже 120 років біржових торгів. ",|багатство|найбагатші люди світу|Новини|бідність|,новини,1
3,"Шакіл О’Ніл продав шикарний маєток у Флориді вартістю 16,5 млн доларів — фото "," Легенда НБА Шакіл О’Ніл продав свій маєток у Флориді вартістю 16,5 млн доларів, повідомляє FOX Business.Ім'я нового власника маєтку залишається невідомим. Відзначається, що спочатку за будинок ексбаскетболіст хотів отримати 28,5 мільйона доларів, однак через відсутність попиту він чотири рази знижував ціну.Розташований будинок в Орландо, він знаходиться на території старого закритого поля для гольфу і має 12 спалень і 15 ванних кімнат.На території маєтка розташований критий баскетбольний майданчик. Також у будинку є гараж на 17 автомобілів, винний льох, звукоізольований домашній кінотеатр і басейн.О’Ніл купив маєток в Орландо в 1993 році за 3,95 млн доларів. Продати будинок він вирішив через те, що нині він проживає в Атланті.Раніше О’Ніл потрапив до списку спортсменів з найбільшим заробітком в Instagram під час пандемії.",США|Баскетбол|Флорида|Фото,спорт,2
4,"У «заблокованій» СБУ B2B Jewelry заявили, що працюють у звичайному режимі та будуть судитися "," Засновник фінансової піраміди B2B Jewelry Микола Гонта стверджує, що ювелірні магазини мережі працюють у звичайному режимі, а їх юристи готують позови через інформацію про те, що мережу заблокували.  Про це він заявив у відеозверненні 28 серпня:  «У Мережі масово почали з’являтися повідомлення про блокування мережі ювелірних магазинів B2B Jewelry. Магазини працюють у звичайному режимі, в цьому ви можете переконатися, відвідавши будь-який салон у своєму місті». За словами Гонти, юристи мережі готують позови «про спростування і компенсацію моральної шкоди». Нагадаємо, 27 серпня в СБУ заявили, що заблокували діяльність фінансової піраміди з 600 тисячами вкладників. Саму піраміду не назвали, але мова йшла про B2B Jewelry — на фотографіях СБУ видно магазини ювелірних виробів і «сертифікати» мережі, які видавалися учасникам. За інформацією СБУ, з початку 2019 року організатори піраміди купили на незаконно отримані кошти острів Дніпровського каскаду з нерухомістю на ньому, 18 елітних позашляховиків вартістю понад $100 тис. кожен, коштовності та інше майно. Засновників піраміди підозрюють у вчиненні кримінальних злочинів за ч. 3 ст. 28 (вчинення злочину групою осіб), ч. 2 ст. 222 (шахрайство з фінансовими ресурсами) та ч. 3 ст. 209 (відмивання доходів) Кримінального кодексу України. 10 серпня Нацкомісія з цінних паперів та фондового ринку опублікувала список потенційно фіктивних фінансових проєктів, до якого потрапила й B2B Jewelry.«Цей проєкт пропонує громадянам придбання ювелірних виробів і подарункових сертифікатів, за якими нараховуються надвисокі відсотки інвестиційного прибутку. При цьому на подарунковому сертифікаті відсутні будь-які реквізити особи, що його видала. Безпосередньо B2B Jewelry не є назвою конкретної юридичної особи, отже, відсутні чітко визначені відповідальні особи за зобов’язаннями за залученими коштами від громадян України. Крім того, майже всі транзакції в магазинах B2B Jewelry здійснюються у готівковій формі, що не дозволяє встановити зв’язки з реальними бенефіціарами проєкту», — заявили в Нацкомісії. Покупку сертифікатів офіційно оформлюють як благодійні внески на користь фіктивного фонду Зимородок.",Служба безпеки України (СБУ)|Финансовая пирамида|Фінансові махінації,бізнес,0
5, На Донеччині зафіксували сьомий випадок коронавірусу ,"Про це повідомив голова Донецької ОДА Павло Кириленко в Facebook. ""67-річна мешканка Білозерська контактувала з родичем, який повернувся із закордону. Госпіталізована до інфекційної лікарні Мирнограду"", - йдеться у повідомленні. Стан хворої на вечір лікарі оцінюють як середньої важкості. Перевірена інформація про коронавірус в Україні! ",|Донецька область|COVID-19|Новини|,новини,1
6, В українських кінотеатрах вперше покажуть фільм для сліпих ,"Творці стрічки ""Поводир"" дають змогу людям із вадами зору подивитися картину нарівні з іншими глядачами, повідомляє ""Радіо свобода"", інформує Еспресо.TV. За словами режисера стрічки Олеся Саніна, це поширений у світі спосіб давати людям із вадами зору додаткову інформацію про сцени на екрані. Фактично, це ще одна додаткова аудіодоріжка, коментар, який начитує диктор для незрячих людей. Обладнання вдалося закупити на кошти одного з найкрупніших українських банків. Після демонстрації ""Поводиря"" його залишать у кінотеатрах і використовуватимуть для інших фільмів. ""Це обладнання в шести найбільших містах України буде стаціонарним. І ми довго працювали, у Львові нам допомогли наші незрячі експерти – це Оксана Потимко, вона декілька анімаційних фільмів перед цим робила. І це стало окремою частиною нашого фільму"", – говорить режисер. До зйомок ""Поводиря""долучилися також незрячі люди, що зіграли у стрічці сліпих бандуристів, яких переслідує радянська влада. Світова прем’єра ""Поводиря""відбулася 16 липня на Одеському міжнародному кінофестивалі. Офіційна прем’єра в Україні запланована на 12 листопада. За рішенням Українського Оскарівського комітету, ""Поводир""висунули на здобуття премії ""Оскар"" Американської кіноакадемії. В основі ""Поводиря"" історія учасників з’їзду народних співців України (кобзарів) 30 грудня 1930 року, яких згодом розстріляли сталіністи. Лейтмотивом стала історія американського хлопчика, котрий мимоволі став свідком страшних репресій у радянській Україні. У ""Поводирі"" грають Станіслав Боклан, Олександр Кобзар, співачка Джамала (одна з головних ролей), кобзар Тарас Компаніченко, а головну роль виконав онук дисидента Михайла Сороки – Антон Грін. Поряд із ними ролі сліпих кобзарів виконують шістдесят людей із вадами зору, серед них і харківський кореспондент Радіо Свобода Володимир Носков.",|Кіно|Новини|сліпі|,новини,1
7," Тематикою новорічного свята на Софійській площі стане казка про Лускунчика, - Folk Ukraine ","Про це на своїй сторінці у Facebook повідомили організатори заходу Folk Ukraine. Зазначається, що всього її прикрасять 800 тематичних іграшок і понад 4 кілометри різнокольорових гірлянд. ""Саме Лускунчик втілює перемогу добра над злом і є символом Нового року та Різдва в Європі. Ми ж поєднаємо його історію з українськими традиціями"", - розповіли організатори. Також Folk Ukraine оприлюднив програму заходів: 14 грудня — відкриття різдвяного ярмарку 19 грудня — урочисте засвічення ялинки 25 грудня — католицьке Різдво 31 грудня — зустріч Нового року 7 січня — святкова хода звіздарів та різдвяний концерт А в інші дні нас чекатимуть святкові концерти на великій сцені. Організатори обіцяють занурити відвідувачів у чарівний світ пригод Лускунчика та його королівств: Королівство подарунків — ярмарок сувенірів та найкращих подарунків до свята. Королівство смаку — лише найсмачніші страви та напої. Королівство розваг — казкове місто для дітей. Нескінченні веселощі, атракціони, аніматори, інсталяції та подарунки. Королівство лайків — численні фотозони на Софійській площі та Володимирському проїзді Між королівствами курсуватиме казковий різдвяний експрес. Лише ним можна дістатися з одного королівства до іншого.",|святкування нового року|Софійська площа|новорічні святкування|Новини|святкування Різдва|Новий рік|,новини,1
8, В українських кінотеатрах вперше покажуть фільм для сліпих ,"Творці стрічки ""Поводир"" дають змогу людям із вадами зору подивитися картину нарівні з іншими глядачами, повідомляє ""Радіо свобода"", інформує Еспресо.TV. За словами режисера стрічки Олеся Саніна, це поширений у світі спосіб давати людям із вадами зору додаткову інформацію про сцени на екрані. Фактично, це ще одна додаткова аудіодоріжка, коментар, який начитує диктор для незрячих людей. Обладнання вдалося закупити на кошти одного з найкрупніших українських банків. Після демонстрації ""Поводиря"" його залишать у кінотеатрах і використовуватимуть для інших фільмів. ""Це обладнання в шести найбільших містах України буде стаціонарним. І ми довго працювали, у Львові нам допомогли наші незрячі експерти – це Оксана Потимко, вона декілька анімаційних фільмів перед цим робила. І це стало окремою частиною нашого фільму"", – говорить режисер. До зйомок ""Поводиря""долучилися також незрячі люди, що зіграли у стрічці сліпих бандуристів, яких переслідує радянська влада. Світова прем’єра ""Поводиря""відбулася 16 липня на Одеському міжнародному кінофестивалі. Офіційна прем’єра в Україні запланована на 12 листопада. За рішенням Українського Оскарівського комітету, ""Поводир""висунули на здобуття премії ""Оскар"" Американської кіноакадемії. В основі ""Поводиря"" історія учасників з’їзду народних співців України (кобзарів) 30 грудня 1930 року, яких згодом розстріляли сталіністи. Лейтмотивом стала історія американського хлопчика, котрий мимоволі став свідком страшних репресій у радянській Україні. У ""Поводирі"" грають Станіслав Боклан, Олександр Кобзар, співачка Джамала (одна з головних ролей), кобзар Тарас Компаніченко, а головну роль виконав онук дисидента Михайла Сороки – Антон Грін. Поряд із ними ролі сліпих кобзарів виконують шістдесят людей із вадами зору, серед них і харківський кореспондент Радіо Свобода Володимир Носков.",|Кіно|Новини|сліпі|,новини,1
9," Тематикою новорічного свята на Софійській площі стане казка про Лускунчика, - Folk Ukraine ","Про це на своїй сторінці у Facebook повідомили організатори заходу Folk Ukraine. Зазначається, що всього її прикрасять 800 тематичних іграшок і понад 4 кілометри різнокольорових гірлянд. ""Саме Лускунчик втілює перемогу добра над злом і є символом Нового року та Різдва в Європі. Ми ж поєднаємо його історію з українськими традиціями"", - розповіли організатори. Також Folk Ukraine оприлюднив програму заходів: 14 грудня — відкриття різдвяного ярмарку 19 грудня — урочисте засвічення ялинки 25 грудня — католицьке Різдво 31 грудня — зустріч Нового року 7 січня — святкова хода звіздарів та різдвяний концерт А в інші дні нас чекатимуть святкові концерти на великій сцені. Організатори обіцяють занурити відвідувачів у чарівний світ пригод Лускунчика та його королівств: Королівство подарунків — ярмарок сувенірів та найкращих подарунків до свята. Королівство смаку — лише найсмачніші страви та напої. Королівство розваг — казкове місто для дітей. Нескінченні веселощі, атракціони, аніматори, інсталяції та подарунки. Королівство лайків — численні фотозони на Софійській площі та Володимирському проїзді Між королівствами курсуватиме казковий різдвяний експрес. Лише ним можна дістатися з одного королівства до іншого.",|святкування нового року|Софійська площа|новорічні святкування|Новини|святкування Різдва|Новий рік|,новини,1
10, Нардепи від “ЄС” ініціювали розслідування мільйонних зловживань мерії Львова під час ремонту вулиці Бандери - ДОКУМЕНТ ,"Звернення оприлюднив народний депутат України, кандидат на посаду львівського міського голови Олег Синютка під час прес-конференції, яка відбулася 21 жовтня у прес-клубі “Львів”. “Сам факт того, що міська влада Львова нарешті взялася вирішувати проблемні питання інфраструктури міста не можна не відмітити», - йдеться у зверненні, - «проте прикро, що такі дії вживаються в останні місяці роботи напередодні місцевих виборів без врахування інтересів мешканців міста та їхньої думки. Очевидно, що в таких умовах навряд чи це можна вважати справжньою турботою про місто та його мешканців, а не Вашим передвиборчим піаром як чинного очільника міста”. Звернення підписали народні депутати від “ЄС” Олег Синютка, Руслан Князевич, Артур Герасимов, Степан Кубів, Микола Княжицький, Максим Саврасов, Ніна Южаніна, Марія Іонова, Вікторія Сюмар, Ірина Геращенко, Ірина Фріз, Олексій Гончаренко. Олег Синютка звернув увагу на переписування кошторисів, відтермінування початку ремонтних робіт та ймовірність масштабних зловживань, які можуть дорівнювати майже 100 мільйонам гривень. Він нагадав, що відкритий тендер на розробку проектно-кошторисної документації із реконструкції вулиці Бандери оголошено 12 лютого 2019 року. “У бюджеті міста на 2020 рік на ремонт вулиці Бандери передбачено 112 мільйонів гривень, тобто 3.3 мільйона євро (за курсом на кінець минулого року). На цій основі, 26 грудня 2019 року, мер Садовий заявив, що міська влада планує ремонт вулиці Бандери – «орієнтовно у квітні і завершити їх до кінця вересня». Але міська влада два рази збрехала: перший про терміни і другий про вартість ремонтних робіт. У початковий договір на розробку проектно-кошторисної документації чотири рази вносилися зміни”, - сказав народний депутат. Він вважає витрати дуже великими у порівнянні з іншими інвестиціями. Підрядник має відремонтувати 1 км 50 мвулиці за понад 209 млн гривень(за сьогоднішнім курсом – 6 мільйонів 400 тисяч євро). “У 2011 році в рамках співпраці міста з ЄБРР реконструювали вул. Коновальця – Мельника –Чупринки, які є суміжними з вулицею Бандери. Було виконано весь комплекс робіт, разом із заміною інженерних комунікацій, заміною трамвайних шляхів, дорожнього покриття, ремонтом тротуарів. Відремонтовано відрізок 1400 метрів, вартість робіт склала 4.5 мільйона євро, отже за один кілометр – 3.2 мільйона євро (за тодішнім курсом)”, - нагадав народний депутат. Синютка зауважив, що ця сума була удвічі меншою від тої, яка сьогодні має бути витрачена ремонт вулиці Бандери. “Це ілюстрація одної з ключових проблем способу управління містом Андрієм Садовим і його групою. Непрозорі методи, корупція та зловживання, які прикриваються піаром. Але для того, щоб Львів міг розвиватися, ми маємо викорінити корупцію з управління містом. На Львів треба працювати, а не красти!”, - зауважив народний депутат. Синютка також додав, що справа реконструкції вулиці Бандери промовисто показує, що “Самопоміч” у Львові, це не політична партія, яка дбає про інтерес міста та його мешканців. Насправді “Самопоміч” – це бізнесова група згуртована довкола Садового. Зайнята винятково власними інтересами, піклуванням про добробут «своїх» та реалізацією корупційних схем.",|Львів|Новини|Олег Синютка|Європейська солідарність|,політика,3
11,Facebook запустила сервіс для знайомств в Європі,"Американська корпорація Facebook запустила в 32 країнах Європи сервіс для знайомств під назвою Dating.Читайте такожFacebook видалятиме інформацію, яка заперечує ГолокостПлатформа стала доступна у Великобританії, Франції, Німеччині, Італії, Іспанії, країнах Балтії. У Dating, крім профілів користувачів, є ""історії"", функція ""секретного лайка"", групи і події, а також віртуальні побачення через відеочат.Facebook збиралася запустити платформу в Європі ще на початку цього року, проте цього не сталося через те, що компанія вчасно не повідомила про свої наміри європейських регуляторів і не надала їм ніякої документації.Dating почав працювати в США в 2019 році і з тих пір з'явився ще в 19 країнах, включаючи Аргентину, Бразилію, Канаду, Малайзію, В'єтнам та інші. Сервіс з моменту роботи зумів створити понад 1,5 млрд віртуальних пар, передає kommersant.Facebook буде маркувати контрольовані державою ЗМІFacebook зізнався, що передавав персональні дані ""неактивних"" користувачівFacebook ввів обмеження на пересилання повідомленьFacebook показав прототип AR-окулярів (фото)Facebook звинувачують Instagram у стеженні за користувачами через камеру смартфона",Facebook,технології,4
12,Для повідомлень. Huawei запатентувала незвичайне рішення для камери під екраном ," Інженери Huawei працюють над створенням дисплея з прихованою камерою, на яку будуть виводити різні повідомлення.  Таким чином, на відміну від конкурентів, Huawei вирішила залишити підекранну камеру видною погляду користувача, пише GSMArena. Компанія Oppo вже продемонструвала свою технологію підекранної камери для селфі на MWC виставці Shanghai, і ми знаємо, що у Vivo і Xiaomi також є прототипи. Схоже, що інший китайський виробник планує приєднатися до тренду. Схоже, що у Huawei є як мінімум півдюжини рішень для цієї області екрану. Одне із зображень показує, що на цій ділянці дисплея можна показувати час, коли ви розмовляєте по телефону. Також може з’явитися інформація про набір номера, коли ви виходите з програми Caller. Інша цікава річ, яку показують патентні файли, — це фактичний стан камери для селфі. У той час як Oppo помістив її в центр верхньої сторони, Huawei планує розмістити камеру в верхньому лівому кутку, де знаходиться поточний виріз для Honor View 20 і Huawei nova 5i. Поки не ясно, чи є у цього китайського виробника працюючий продукт або він просто захищає одну ідею від крадіжки іншими, як це зазвичай відбувається з патентами. Раніше НВ повідомляло, що компанії Oppo і Xiaomi показали прототипи смартфонів, в яких фронтальна камера розташована за екраном. Така конструкція дозволяє відмовитися від висувного механізму для камери. Віце-президент Oppo Брайан Шен поділився коротким відеокліпом про те, як виглядає прототип смартфона без виїмок, що лежить на столі.",Дисплей|Huawei|Камера,технології,4
13, Мер Ніцци відвідав анексований Крим ,"Про це повідомляє Еспресо.TV з посиланням на персональний сайт Крістіана Естрозі. Мер Ніцци разом з послом РФ у Франції Олександром Орловим перебував з візитом в окупованому Криму з 26 лютого по 1 березня. На сайті мера Ніцци назвали візит делегації дуже ""символічним"", оскільки він був здійснений вперше з часу ""проведення референдуму про незалежність і приєднання до Росії"". На сайті мера наголошується також, що Ялта входить до складу Росії. ""Продовжуючи підписання угоди про побратимські відносини між Ялтою і Ніццою 26 листопада 1960 року, мер Ялти Андрій Постенко у присутності посла РФ у Франції зустрівся з мером Ніцци для підписання листа про наміри з розвитку дружніх відносин і поновлення побратимських відносин між Ялтою і Ніццою"", - йдеться у повідомленні на сайті Естрозі. З боку Крістіана Естрозі це вже не перший прояв дружніх почуттів до Росії. ",|анексія Криму|візит|мер|Новини|Ялта|,політика,3
14,Брондбю – Брага – 2:4. Відео голів та огляд матчу,Футболісти португальської «Браги» вирвали перемогу в першому матчі 3-го кваліфікаційного раунду Ліги Європи з данським «Брондбю».,Футбол|Ліга Європи|Брондбю|Брага,спорт,1
15,Курс валют НБУ. Долар і євро дорожчають ,"Курс долара зріс на 20 коп.Курс євро встановлено на рівні 34,62 грн/€. Він зріс на 5 коп.",Курс валют|Курс рубля|Курс долара до гривні|Курс гривні до долара|Курс долара|Курс євро|Курс гривні,бізнес,0
16,Де і коли дивитися гонки чемпіонату Європи-2020 з біатлону,"У середу 26-го лютого, в білоруських Раубічах стартує чемпіонат Європи-2020 з біатлону. Біатлоністи розіграють медалі в п'яти дисциплінах. На чемпіонаті Європи відбудуться суперспринтерські гонки, одиночна і класична змішані естафети, спринти і персьют. 28-го лютого, на екваторі змагань, біатлоністи отримають день відпочинку. Розклад чемпіонату Європи-2020 (час київський): 26.02.2020 - 12:00 - суперспринт, чоловіки (кваліфікація) 26.02.2020 - 14:00 - суперспринт, жінки (кваліфікація) 26.02.2020 - 16:30 - суперспринт, чоловіки (фінал) 26.02.2020 - 17:00 - суперспринт, жінки (фінал) 27.02.2020 - 13.00 - Одиночна змішана естафета 27.02.2020 - 16:00 - Змішана естафета 29.02.2020 - 11:30 - Спринт, чоловіки 29.02.2020 - 14:30 - Спринт, жінки 01.03.2020 - 11:30 - Гонка переслідування, чоловіки 01.03.2020 - 13:30 - Гонка переслідування, жінки Варто відзначити, що суперспринт включений в програму чемпіонату Європи вперше, замінивши класику біатлону - індивідуальні гонки. Раніше ця дисципліна проводилася на етапах Кубка IBU, а також на літньому чемпіонаті світу-2019. Українські вболівальники зможуть на власні очі побачити змагання на телеканалі «UA:Перший». Sport.ua проведе текстові трансляції всіх гонок. Біатлонний сезон-2019/20: розклад, анонси, трансляції, результати",Біатлон|Чемпіонат Європи|де дивитися|Чє-2020 з біатлону,спорт,1
17,США почали виведення військ з Афганістану ,"Як повідомляє CNN, факт виведення американських військ підтвердив представник командування військ США в Афганістані (USFOR-A) Сонні Леггетт. ""Збройні сили США в Афганістані (USFOR-A) почали скорочення чисельності своїх військових до 8600 протягом 135 днів"", - заявив він. На даний момент в Афганістані розміщено до 13 тисяч американських військових. У заяві вказується, що американські військові продовжать проведення контртерористичних операцій проти Аль-Каїди і Ісламської держави, а також будуть підтримувати афганські сили безпеки. Нагадаємо, що 29 лютого США і представники Талібану підписали угоду, в якій передбачається скорочення американського контингенту в Афганістані до 8600 військовослужбовців за 135 днів. Якщо таліби виконають умови угоди, то решта американських військових будуть виведені протягом 14 місяців.",|США|виведення військ|Талібан|американські війська|Новини|Афганістан|,політика,3
18,Людиною і не пахне. Вчені назвали місце з найчистішим повітрям на Землі ," Кліматологи з Університету Колорадо дослідили, в якому регіоні на поверхні Землі найсвіжіше повітря. Під критерієм «свіжості» вчені розглядали склад атмосфери без частинок речовин, створених діяльністю людини. Поки частина Києва навесні задихалася від густого смогу і пилу, вчені з Університету штату Колорадо з’ясовували, в якому місці на Землі найсвіжіше повітря. Згідно з результатами їхнього дослідження, які опублікували кілька тижнів тому у журналі Національної академії наук США, найчистіша атмосфера на нашій планеті дісталася південним частинам Тихого, Атлантичного і Індійського океанів, які оточують Антарктиду.  Американські кліматологи пропливли від австралійського острова Тасманія до південних частин світового океану поблизу Антарктиди, і вимірювали кількість частинок хімічних речовин, створених діяльністю людини, в різних точках найпівденнішої частини Землі. Вчені виміряли склад нижнього шару атмосфери, який тягнеться приблизно на два кілометри вгору від поверхні океану.  Автори дослідження заявляють, що було складно знайти місце на планеті, в якому не помітна діяльність людини, але саме у водах навколо Антарктиди повітря було чистим і вільним від аерозольних часток, створених людиною. «У річному повітряному бактеріальному складі у морському прикордонному шарі над Південним океаном, розташованим безпосередньо на південь від Австралії, переважають морські бактерії, що викидаються з морських бризів. Ми виявили, що повітряні бактерії були більш поширені на півночі, і набагато менше у напрямку Антарктиди», — резюмували вчені.  Попри виявлення рекордно чистого повітря у Антарктиді, раніше дослідники заявляли, що у вищих шарах атмосфери над цим регіоном розташована найбільша озонова діра на нашій планеті. Озоновою дірою називають значне зниження рівня озону — блакитного отруйного газу, який має різкий запах і при зріджуванні перетворюється на рідину синьо-фіолетового кольору. В атмосфері озон відіграє дуже важливу роль — цей шар захищає поверхню Землі від шкідливого ультрафіолетового випромінювання. Найбільша концентрація природного озону розташована на висоті приблизно 15−30 км над поверхнею Землі. В кінці 2019-го в NASA заявили, що озонова діра над Антарктидою скоротилася до мінімальних розмірів, з того часу як її виявили в 1985-му, і тепер займає площу від від 20 млн до 25 млн квадратних кілометрів. Зниження концентрації озону над Антарктидою пов’язують з холодним повітрям у атмосфері, що призводить до скупчення хмар в одну масу, і дозволяє шкідливим хімічним речовинам від промислових джерел проникати в озоновий шар і знищувати його.  В середині 1980-х майже всі країни у світі підписали Монреальський протокол, який передбачає зниження шкідливих викидів в атмосферу для скорочення озонових дір. Однак, торік вчені з США заявляли, що промислові підприємства в Китаї продовжують викидати в атмосферу шкідливі аерозольні речовини, заборонені Монреальським протоколом. ",Клімат|Антарктика|Атмосфера|Забруднення повітря|Наукові дослідження,технології,4
19,"У цьому році потрібно закачати в сховища більше газу, щоб підготуватися до деструктивних рішень Кремля - Коболєв "," До наступної зими Нафтогазу потрібно закачати в підземні сховища більше газу, ніж раніше, тому що Росія може вдатися до деструктивних дій після завершення чинного контракту на транзит.  ""Дія існуючих контрактів з Газпромом завершиться 1 січня і Україна має підготуватися до будь-яких деструктивних рішень Кремля, зокрема до переривання транзиту. До зими в ПСГ необхідно накопичити близько 20 млрд куб. м. газу – такі обсяги достатні, щоб гарантувати тепло в оселях за будь-якої погоди і політичної обстановки. Це також сигналізуватиме Росії, що Україна готова до будь-якого розвитку подій і ""гра на вентилі"" призведе лише до чергового погіршення репутації Газпрому"", - зазначив Коболєв. Він зазначив, що Нафтогаз вже працює над залученням коштів, необхідних для закупівлі і закачування газу в сховища. Коболєв нагадав, що європейська практика і український закон ""Про ринок газу"" передбачає створення страхових запасів усіма без винятку компаніями-постачальниками газу. ""У минулі роки норма про страховий запас ігнорувалася - зараз саме час повернутися до цього питання. Спільними зусиллями уряд, Нафтогаз і всі учасники газового ринку повинні належним чином підготуватися до наступного опалювального сезону"", - резюмував глава Нафтогазу. Як повідомлялося, Україна з 5 квітня почала закачування природного газу в підземні сховища. Добовий обсяг закачування станом на 5 квітня становив близько 12 млн куб. м. Чинний транзитний контракт України з російським Газпромом було укладено в 2009 році терміном на 10 років. Після його завершення (до 2020 року) російський монополіст планує максимально скоротити транзит свого газу через територію України. Moody's прогнозує, що після завершення контракту, що діє обсяги транзиту впадуть до 40-50 млрд куб. м в рік. ",Газ|Газпром|НАК Нафтогаз України|Андрій Коболєв|Опалювальний сезон,бізнес,0
20,Дощі винні. Україну чекає неврожай цукрового буряка ," У 2019 року в Україні вдасться виробити не більше 1,2 млн т цукру  У 2019 через перезволоження верхніх шарів ґрунту і високу відносну вологость повітря, викликану великою кількістю опадів, врожайність цукрових буряків буде нижче очікуваного рівня. Про це повідомляє Національна асоціація цукровиробників України Укрцукор. За її прогнозами, цього року в Україні вдасться виробити не більше 1,2 млн т цукру, що набагато менше результату 2018 року. ""З огляду на всі фактори, можемо спрогнозувати, що цукристість і врожайність буде нижче очікуваного рівня, що, в свою чергу, вплине на виробництво цукру. За нашими прогнозами, в цьому році ми зможемо отримати в межах 1,1-1,2 млн т цукру . Така кількість може створити певний дефіцит на ринку"", - повідомили в Укрцукрі. В асоціації пояснили, що цукробурякова зона знаходиться в зоні сильно зволоженого грунту. ""Це зумовило часткове вимивання посівів цукрових буряків. Також внаслідок великої кількості опадів рослини уражаються хворобами, які впливають на зростання, розвиток і цукристість цукрових буряків. Під час підвищеної зволоженості неможливо проводити агрохімічні роботи, так як засоби захисту не встигатимуть проявити свою дію на шкідників/засміченість"", - повідомили в Укрцукрі. Крім того, під час рясних дощів вимивається азот з грунту, в результаті чого погіршується ріст і розвиток цукрових буряків. При цьому наголошується, що в перезволоженому холодному грунті молоді рослини гинуть від нестачі кисню. Раніше в Укрцукрі заявили, що в наступному виробничому сезоні в Україні буде працювати 34-35 цукрових заводів, в цьому сезоні їх працювало 42. У 2018/2019 МР Україна виробила 1,82 млн т цукру. Також повідомлялося, що Міністерство сільського господарства США очікує, що Україна виробе понад 72 млн т зернових, побивши історичний рекорд врожайності.",Сільське господарство|АПК|Цукор|Буряк|Виробництво цукру,бізнес,0
21, Бойовики обстріляли житлові райони Троїцького ,"Про це повідомляє прес-центр операції Об'єднаних сил. 6 травня було зафіксовано та задокументовано факт двух обстрілів населеного пункту Троїцьке Попаснянського району Луганської області. О 10:19 з боку збройних формувань РФ за напрямом Калинового здійснено обстріл із застосуванням міномета калібру 120 мм ділянки в населеному пункті Троїцьке по вулиці Червона 1А. О 15:20 збройні формування РФ здійснили ще один обстріл населеного пункту Троїцьке по вулиці Червона 1. Бойовики застосували міномет калібру 120 мм Представниками української сторони СЦКК встановлено, що по вулиці Червона 1А внаслідок попадання двох мінометних мін 120 мм в районі розташування школи пошкоджено фасад стіни будівлі і вікна будівлі. Крім того, по вулиці Червона 1 поблизу недіючою церкви, в результаті влучення однієї мінометної міни 120 мм зафіксовано воронку від її розриву. Постраждалих в результаті обстрілів немає. ",|Троїцьке|Донбас|Новини|,політика,3
22,Крадіжка замість кашлю. Додаток для відстеження COVID-19 заражає ваш смартфон ," Експерти з кібербезпеки виявили шкідливий додаток для Android, яке обіцяє допомогти відстежити випадки коронавірусу, але замість цього заражає телефон.  Вірус виявили фахівці компанії DomainTools, звернувши увагу на істотне зростання популярності доменів, в яких згадується слово «коронавірус». Один з таких ресурсів пропонував користувачам Android встановити додаток Coronavirusapp, який би допоміг стежити за картиною поширення вірусу. Відразу після установки Coronavirusapp блокував смартфон, виводячи повідомлення про необхідність переведення суми в біткойнах, еквівалентної $ 100. В іншому випадку протягом 48 годин, згідно з повідомленням, всі дані на смартфоні будуть видалені. Під час першого запуску Coronavirusapp запитує ряд привілеїв на доступ до функціональності пристрою, включаючи управління екраном блокування. Фахівці DomainTools попереджають користувачів про необхідність бути пильним під час завантаження будь-яких аналогічних програм. На щастя, більшість сучасних телефонів, оновлених до версії Android вище, ніж Nougat (7.0), не повинні піддаватися впливу цієї шкідливої програми, оскільки Google додав заходи безпеки проти таких атак. Однак, якщо ви не використовуєте метод блокування екрану, такий як код доступу або відбиток пальця, вимагач все одно може атакувати ваш пристрій, хоча більшість користувачів смартфонів не залишають свої телефони незахищеними. Експерти відзначають, що користувачі завжди повинні керуватися здоровим глуздом при установці додатків за межами Play Store і покладатися на надійні джерела, такі як APK Mirror, F-Droid або сайти відомих розробників.",Хакери|Віруси|Вимагання|Коронавірус,технології,4
23," Сенцов про видачу Росії стрільців з ""Беркуту"": ""Країна має повертати своїх героїв, але не ціною паплюження цінностей, за які ці герої билися"" ","Про це у неділю, 29 грудня 2019 року, він написав на своїй сторінці у Facebook ""Не всі хлопці будуть звільнені навіть з ОРДЛО - хтось залишиться в руках бойовиків. Кримські татари та інші наші політв'язні і надалі сидітимуть у російських в'язницях. Невинні. За це Україна віддасть справжніх вбивць: російських найманців, харківських терористів і п'ятьох беркутівців. І справа не тільки в тому, що у нас майже не залишається цього ""чоловічого обмінного фонду"" (дуже цинічне і практичне вираження) і для нового повернення своїх заручників, український уряд буде змушений надалі торгувати інтересами країни з ворогом. А в тому, що цей крок позбавляє нас головного - справедливості"", - написав він. Режисер вважає, що ""беркутівців"" не можна було відпускати до оголошення їм вироку. ""Я дуже радий за цих хлопців і їхні сім'ї, які сьогодні повинні зустрітися. Країна має повертати своїх героїв, але не ціною паплюження цінностей, за які ці герої билися. Тому що вони не скажуть дякую за те, що справа розстрілу людей на Майдані не була закінчена хоча б вироком винним. Майже через шість років ми почали повертатися в ту точку, з якої все почалося"", - вважає Сенцов. Адвокат Ігор Варфоломеєв підтвердив, що усі звільнені учора, 28 грудня, п'ятеро ексберкутівців перебувають сьогодні на КПВВ ""Майорське"", де проходить великий передноворічний обмін полоненими між українською армією та російсько-терористичними силами. Мова про Олега Янішевського, Павла Аброськіна, Сергія Зінченка, Сергія Тамтуру та Олександра Маринчена. За версією слідства й адвокатів саме вони розстрілювали майданівців 20 лютого 2014 року на вулиці Інститутській у Києві. ",|обмін полоненими|беркут|Олег Сенцов|Новини|,політика,3